advisor_id,first_name,last_name,office,title,hire_date,termination_date,termination_reason
A001,Brian,Raman,Boston,Senior Wealth Manager,2006-03-01,,
A002,Steven,Holloway,Boston,Lead Advisor,2011-06-15,,
A003,Jason,Abernathy,Boston,Lead Advisor,2014-01-06,,
A004,Rebecca,Kowalski,Boston,Lead Advisor,2016-09-12,,
A005,Lisa,Harrington,Boston,Senior Wealth Manager,2008-04-21,,
A006,Ashley,Holloway,Boston,Associate Advisor,2021-02-01,,
A007,Emily,Ashworth,Boston,Associate Advisor,2022-07-11,,
A008,Melissa,Donnelly,Chicago,Senior Wealth Manager,2009-10-05,2024-09-13,Voluntary resignation
A009,Deborah,Kensington,Chicago,Lead Advisor,2012-03-19,,
A010,Amanda,Chaudhry,Chicago,Lead Advisor,2015-08-03,,
A011,Ronald,Sullivan,Chicago,Lead Advisor,2018-01-08,,
A012,Mary,Quinlan,Chicago,Associate Advisor,2021-05-17,,
A013,Donna,Novak,Chicago,Associate Advisor,2023-02-13,,
A014,Andrew,Pemberton,Denver,Lead Advisor,2013-02-04,,
A015,Brian,Rinaldi,Denver,Senior Wealth Manager,2010-06-01,2025-03-21,Voluntary resignation
A016,Laura,Harrington,Denver,Lead Advisor,2017-04-10,,
A017,Richard,Pemberton,Denver,Associate Advisor,2020-09-14,,
A018,Sharon,Vasquez,Denver,Lead Advisor,2019-01-22,,
A019,Joseph,Whitaker,Denver,Associate Advisor,2022-03-07,,
A020,Elizabeth,Delgado,Austin,Senior Wealth Manager,2012-05-14,,
A021,Timothy,Haverford,Austin,Lead Advisor,2016-02-29,,
A022,John,Raman,Austin,Lead Advisor,2019-07-08,,
A023,Kimberly,Eriksen,Austin,Associate Advisor,2022-04-04,,
A024,Edward,Vasquez,Austin,Associate Advisor,2023-05-15,,
A025,William,Larkin,Scottsdale,Senior Wealth Manager,2005-01-10,2025-06-30,Retirement
A026,Sharon,Pemberton,Scottsdale,Lead Advisor,2015-03-02,,
A027,Jeffrey,Thornton,Scottsdale,Lead Advisor,2014-10-20,,
A028,David,Moreau,Scottsdale,Lead Advisor,2018-06-11,,
A029,Ashley,Iverson,Scottsdale,Associate Advisor,2021-08-16,,
A030,Kimberly,Vasquez,Scottsdale,Associate Advisor,2020-11-02,,
